file,begin,end,speaker,overall_log_likelihood,speech_log_likelihood,phone_duration_deviation,snr
ISLE_SESS0131_BLOCKD02_03_sprt1,0.0,4.5,mfa_corpus,-43.80263454861111,-53.559580876277046,3.8936010289037095,11.443148868500742
F2BJRLP1,0.0,25.309125,mfa_corpus,-45.46381124061636,-46.25441975625146,3.8829846852402636,8.139914405698779
F2BJRLP3,0.0,30.7068125,mfa_corpus,-46.00309854281993,-46.891289826673315,3.656705074831632,10.321286244094221
F2BJRLP2,0.0,28.6474375,mfa_corpus,-45.032618891797554,-45.77598263924582,3.5632253291369547,7.963719554694521
ISLE_SESS0131_BLOCKD02_01_sprt1,0.0,4.125,mfa_corpus,-43.18996386955206,-52.33464871920072,2.7319597034163494,11.85118774544399
ISLE_SESS0131_BLOCKD02_02_sprt1,0.0,3.875,mfa_corpus,-44.84850193298969,-50.9295326868693,2.54696087946546,12.358243745435463
